{
    "female_adult": {
        "precision": 0.8055555555555556,
        "recall": 0.7733333333333333,
        "f1-score": 0.7891156462585034,
        "support": 150.0
    },
    "female_senior": {
        "precision": 0.9668874172185431,
        "recall": 0.9733333333333334,
        "f1-score": 0.9700996677740864,
        "support": 150.0
    },
    "female_young": {
        "precision": 0.8027210884353742,
        "recall": 0.7919463087248322,
        "f1-score": 0.7972972972972973,
        "support": 149.0
    },
    "male_adult": {
        "precision": 0.8963414634146342,
        "recall": 0.98,
        "f1-score": 0.9363057324840764,
        "support": 150.0
    },
    "male_senior": {
        "precision": 0.9862068965517241,
        "recall": 0.9533333333333334,
        "f1-score": 0.9694915254237289,
        "support": 150.0
    },
    "male_young": {
        "precision": 0.9256756756756757,
        "recall": 0.9133333333333333,
        "f1-score": 0.9194630872483222,
        "support": 150.0
    },
    "accuracy": 0.8976640711902113,
    "macro avg": {
        "precision": 0.8972313494752511,
        "recall": 0.8975466070096942,
        "f1-score": 0.8969621594143358,
        "support": 899.0
    },
    "weighted avg": {
        "precision": 0.897336477685529,
        "recall": 0.8976640711902113,
        "f1-score": 0.8970730213299276,
        "support": 899.0
    },
    "balanced_accuracy": 0.8975466070096942
}