{
    "female_adult": {
        "precision": 0.0,
        "recall": 0.0,
        "f1-score": 0.0,
        "support": 5.0
    },
    "female_senior": {
        "precision": 0.2,
        "recall": 0.2857142857142857,
        "f1-score": 0.23529411764705882,
        "support": 7.0
    },
    "female_young": {
        "precision": 0.3333333333333333,
        "recall": 0.2,
        "f1-score": 0.25,
        "support": 5.0
    },
    "male_adult": {
        "precision": 0.0,
        "recall": 0.0,
        "f1-score": 0.0,
        "support": 2.0
    },
    "male_senior": {
        "precision": 0.3333333333333333,
        "recall": 0.3333333333333333,
        "f1-score": 0.3333333333333333,
        "support": 6.0
    },
    "male_young": {
        "precision": 0.5,
        "recall": 0.8,
        "f1-score": 0.6153846153846154,
        "support": 5.0
    },
    "accuracy": 0.3,
    "macro avg": {
        "precision": 0.22777777777777777,
        "recall": 0.2698412698412698,
        "f1-score": 0.2390020110608346,
        "support": 30.0
    },
    "weighted avg": {
        "precision": 0.25222222222222224,
        "recall": 0.3,
        "f1-score": 0.2657993966817496,
        "support": 30.0
    },
    "balanced_accuracy": 0.2698412698412698
}