{
    "female_adult": {
        "precision": 0.8790322580645161,
        "recall": 0.7266666666666667,
        "f1-score": 0.7956204379562044,
        "support": 150.0
    },
    "female_senior": {
        "precision": 0.954248366013072,
        "recall": 0.9733333333333334,
        "f1-score": 0.9636963696369637,
        "support": 150.0
    },
    "female_young": {
        "precision": 0.8238993710691824,
        "recall": 0.8791946308724832,
        "f1-score": 0.8506493506493507,
        "support": 149.0
    },
    "male_adult": {
        "precision": 0.8957055214723927,
        "recall": 0.9733333333333334,
        "f1-score": 0.9329073482428115,
        "support": 150.0
    },
    "male_senior": {
        "precision": 0.9727891156462585,
        "recall": 0.9533333333333334,
        "f1-score": 0.9629629629629629,
        "support": 150.0
    },
    "male_young": {
        "precision": 0.9215686274509803,
        "recall": 0.94,
        "f1-score": 0.9306930693069307,
        "support": 150.0
    },
    "accuracy": 0.9076751946607341,
    "macro avg": {
        "precision": 0.9078738766194004,
        "recall": 0.9076435495898583,
        "f1-score": 0.906088256459204,
        "support": 899.0
    },
    "weighted avg": {
        "precision": 0.9079672854131159,
        "recall": 0.9076751946607341,
        "f1-score": 0.9061499237626632,
        "support": 899.0
    },
    "balanced_accuracy": 0.9076435495898583
}